title,authors,language,categories,maturityRating,publisher,publishedDate,pageCount
Education and the Cult of Efficiency,['Raymond E. Callahan'],en,['Education'],NOT_MATURE,University of Chicago Press,1964-03-15,286.0
Business data processing,['Elias M. Awad'],en,['Computers'],NOT_MATURE,Prentice Hall,1974-11-01,722.0
Soul to soul,['Mary Keyes Burgess'],en,['Cooking'],NOT_MATURE,Woodbridge Press Publishing Company,1976-01-01,158.0
Consumer Handbook of Solar Energy for the United States and Canada,['John H. Keyes'],en,['Solar energy'],NOT_MATURE,"Dobbs Ferry, N.Y. : Morgan & Morgan",1979-01-01,273.0
Learning Disabilities,"['William M. Cruickshank', 'William C. Morse', 'Jeannie Johns']",en,['Education'],NOT_MATURE,Syracuse University Press,1980-02-01,296.0
Children's Authors and Illustrators,['Adele Sarkissian'],en,['Authors'],NOT_MATURE,"Detroit, Mich. : Gale Research Company",1981-01-01,667.0
Karma,"['Charles F. Keyes', 'E. Valentine Daniel']",en,['Religion'],NOT_MATURE,Univ of California Press,1983-01-01,313.0
Outrageous fortune,['Roger Keyes'],en,['Biography & Autobiography'],NOT_MATURE,David & Charles,1984-10-01,521.0
Social Adaptation to Food Stress,['Paul E. Minnis'],en,['Social Science'],NOT_MATURE,University of Chicago Press,1985-04-01,239.0
Magill's Cinema Annual,['Frank Northen Magill'],en,['Performing Arts'],NOT_MATURE,Gale / Cengage Learning,1986-11-15,690.0
Stranger in a Strange Land,['Robert A. Heinlein'],en,['Fiction'],NOT_MATURE,Penguin,1987-05-15,448.0
New Orleans. Ediz. inglese,['Rosanna Cirigliano'],en,['Travel'],NOT_MATURE,Bonechi,1989-01-01,60.0
A Concise history of sport in Canada,['Don Morrow'],en,['History'],NOT_MATURE,"Oxford University Press, USA",1989-10-01,393.0
The Politics of Hispanic Education,"['Kenneth J. Meier', 'Joseph Stewart']",en,['Education'],NOT_MATURE,SUNY Press,1991-01-01,275.0
Chaos in Classical and Quantum Mechanics,['Martin C. Gutzwiller'],en,['Mathematics'],NOT_MATURE,Springer Science & Business Media,1991-08-01,432.0
Fifth International Symposium on Domain Decomposition Methods for Partial Differential Equations,['David E. Keyes'],en,['Mathematics'],NOT_MATURE,SIAM,1992-01-01,623.0
Strategies and Saints,['Langley Carleton Keyes'],en,['Social Science'],NOT_MATURE,The Urban Insitute,1992-01-01,243.0
Directory of Foreign Manufacturers in the United States,"['Jeffrey S Arpan', 'David A Ricks']",en,['Technology & Engineering'],NOT_MATURE,Georgia State University Business Press,1994-02-01,419.0
Linguistic Diversity and National Unity,['William A. Smalley'],en,['Foreign Language Study'],NOT_MATURE,University of Chicago Press,1994-06-15,436.0
Acta Numerica 1994:,['Arieh Iserles'],en,['Mathematics'],NOT_MATURE,Cambridge University Press,1994-07-29,578.0
Leonard Maltin's movie encyclopedia,"['Leonard Maltin', 'Spencer Green', 'Luke Sader']",en,['Biography & Autobiography'],NOT_MATURE,E P Dutton,1994-11-01,976.0
Domain-based Parallelism and Problem Decomposition Methods in Computational Science and Engineering,"['David E. Keyes', 'Yousef Saad', 'Donald G. Truhlar']",en,['Mathematical optimization'],NOT_MATURE,SIAM,1995-01-01,323.0
Methods in Immunotoxicology,"['Gary R. Burleson', 'Jack H. Dean', 'Albert E. Munson']",en,['Medical'],NOT_MATURE,Wiley-Liss,1995-07-27,552.0
Technology Trendlines,['Jessica Keyes'],en,['Business & Economics'],NOT_MATURE,John Wiley & Sons,1995-08-09,394.0
"Oxford English-Arabic Dictionary, Al-Muhit, 1996",['Dr. Mohamad Badawi'],ar,['Reference'],NOT_MATURE,Bukupedia ,1996-06-06,1249.0
"Al-Muhit-English-Arabic Oxford Study Dictionary, Dr. Mohamad Badawi, 1996",['Academia Internatinal Publication'],ar,['Reference'],NOT_MATURE,Bukupedia ,1996-07-16,1249.0
How to be a Successful Internet Consultant,['Jessica Keyes'],en,['Business & Economics'],NOT_MATURE,Computing McGraw-Hill,1997-01-01,435.0
Foundations of Quantum Mechanics in the Light of New Technology,"['S Nakajima', 'Y Murayama', 'A Tonomura']",en,['Science'],NOT_MATURE,World Scientific,1997-01-03,496.0
Biographical Memoirs,"['National Academy of Sciences', 'Office of the Home Secretary']",en,['Biography & Autobiography'],NOT_MATURE,National Academies Press,1998-07-01,388.0
Brunswick,['Sharon Martin Zankel'],en,['History'],NOT_MATURE,Arcadia Publishing,1998-10-27,128.0
Internet Management,['Jessica Keyes'],en,['Computers'],NOT_MATURE,CRC Press,1999-07-28,776.0
Science and the Riddle of Consciousness,['Jeffrey Foss'],en,['Computers'],NOT_MATURE,Springer Science & Business Media,2000-08-31,225.0
A Historical Guide to Henry David Thoreau,['William E. Cain'],en,['Literary Criticism'],NOT_MATURE,Oxford University Press,2000-11-02,304.0
"The world of learning, 2001",['51st Ed'],en,['Education'],NOT_MATURE,Routledge,2000-11-22,2192.0
Dictionary of Acronyms and Technical Abbreviations,['J. Vlietstra'],en,['Computers'],NOT_MATURE,Springer Science & Business Media,2001-02-23,696.0
CliffsNotes on Keyes' Flowers For Algernon,['Janet Clark'],en,['Literary Criticism'],NOT_MATURE,Houghton Mifflin Harcourt,2001-03-07,66.0
Molecular Modeling and Theory in Chemical Engineering,"['James Wei', 'Morton M. Denn', 'John H. Seinfeld', 'Arup Chakraborty', 'Jackie Ying', 'Nicholas Peppas', 'George Stephanopoulos']",en,['Technology & Engineering'],NOT_MATURE,Elsevier,2001-12-18,493.0
Handbook of Midlife Development,['Margie E. Lachman'],en,['Psychology'],NOT_MATURE,John Wiley & Sons,2002-03-14,672.0
The Biblical Basis for Modern Science,['Dr. Henry M. Morris'],en,['Religion'],NOT_MATURE,New Leaf Publishing Group,2002-06-01,478.0
Enochian Magic for Beginners,['Donald Tyson'],en,"['Body, Mind & Spirit']",NOT_MATURE,Llewellyn Worldwide,2002-09-01,384.0
The Quality Management Sourcebook,"['Christine Avery', 'Diane Zabel']",en,['Business & Economics'],NOT_MATURE,Routledge,2002-09-11,336.0
Structured Programming with COBOL Examples,['Earl H. Parsons'],en,['Computers'],NOT_MATURE,iUniverse,2002-11-01,196.0
Software Engineering Handbook,['Jessica Keyes'],en,['Computers'],NOT_MATURE,CRC Press,2002-12-23,896.0
"MICROPROCESSORS, PC HARDWARE AND INTERFACING",['N. MATHIVANAN'],en,['Computers'],NOT_MATURE,PHI Learning Pvt. Ltd.,2003-01-01,340.0
America Declares Independence,['Alan Dershowitz'],en,['History'],NOT_MATURE,John Wiley & Sons Incorporated,2003-03-31,196.0
High-Rise Security and Fire Life Safety,['Geoff Craighead'],en,['Business & Economics'],NOT_MATURE,Elsevier,2003-04-15,548.0
Advances in Cryptology – EUROCRYPT 2001,['Birgit Pfitzmann'],en,['Computers'],NOT_MATURE,Springer,2003-06-29,544.0
H.A.L.O,['Derek Hart'],en,['Fiction'],NOT_MATURE,iUniverse,2003-07-01,252.0
"English-Arabic Oxford-Duden Pictorial Dictionary, 2003",['Oxford University Press'],ar,['Reference'],NOT_MATURE,Bukupedia ,2003-07-03,490.0
Biology and Pathology of the Oocyte,"['Alan O. Trounson', 'Roger G. Gosden']",en,['Medical'],NOT_MATURE,Cambridge University Press,2003-07-10,350.0
Sammy Keyes and the Hotel Thief,['Wendelin Van Draanen'],en,['Juvenile Fiction'],NOT_MATURE,Yearling,2003-09-09,192.0
The Courage to Write,['Ralph Keyes'],en,['Language Arts & Disciplines'],NOT_MATURE,Holt Paperbacks,2003-10-01,240.0
Key Debates in Anthropology,['Tim Ingold'],en,['Social Science'],NOT_MATURE,Routledge,2003-12-16,320.0
The Anatomy of Hope,['Jerome Groopman'],en,['Health & Fitness'],NOT_MATURE,Random House,2003-12-23,272.0
"The Encyclopedia of Superheroes on Film and Television, 2d ed.",['John Kenneth Muir'],en,['Performing Arts'],NOT_MATURE,McFarland,2004-02-13,704.0
Web Services,['Liang-Jie Zhang'],en,['Computers'],NOT_MATURE,Springer Science & Business Media,2004-09-23,303.0
The Post-Truth Era,['Ralph Keyes'],en,['Social Science'],NOT_MATURE,St. Martin's Press,2004-10-03,320.0
"Family Law, Keyed to Krause, Elrod, Garrison & Oldham",['Casenotes'],en,['Law'],NOT_MATURE,Aspen Publishers Online,2004-11-11,208.0
Data Modeling Essentials,"['Graeme Simsion', 'Graham Witt']",en,['Computers'],NOT_MATURE,Elsevier,2004-12-03,560.0
Henry Wilson and the Coming of the Civil War,['John L. Myers'],en,['Biography & Autobiography'],NOT_MATURE,University Press of Amer,2005-01-01,565.0
Flowers for Algernon,['Daniel Keyes'],en,['Fiction'],NOT_MATURE,Houghton Mifflin Harcourt,2005-04-11,311.0
"Family Law, Keyed to Ellman, Kurtz, & Barlett",['Casenotes'],en,['Law'],NOT_MATURE,Aspen Publishers Online,2005-04-29,128.0
ESPN college football encyclopedia,"['Michael MacCambridge', 'ESPN (Television network)']",en,['Reference'],NOT_MATURE,ESPN Books,2005-09-01,1629.0
Applications of Anthropology,['Sarah Pink'],en,['Social Science'],NOT_MATURE,Berghahn Books,2005-12-01,256.0
"Business Organizations, Keyed to Soderquist",['Casenotes'],en,['Business & Economics'],NOT_MATURE,Aspen Publishers Online,2006-01-20,208.0
Mastering Windows XP Home Edition,['Hart-Davis'],en,['Computers'],NOT_MATURE,John Wiley & Sons,2006-02-20,1009.0
Murder in Hollywood,['Charles Higham'],en,['Biography & Autobiography'],NOT_MATURE,Terrace Books,2006-02-22,227.0
The Azusa Street Mission and Revival,['Cecil M. Robeck'],en,['History'],NOT_MATURE,Thomas Nelson,2006-03-04,354.0
"Fashion, Work, and Politics in Modern France",['S. Zdatny'],en,['Business & Economics'],NOT_MATURE,Springer,2006-05-13,325.0
Success in the Cinema MoneyMaking Movies,['John Howard Reid'],en,['Performing Arts'],NOT_MATURE,Lulu.com,2006-06-01,272.0
Brain Mystery Light and Dark,['Charles Don Keyes'],en,['Philosophy'],NOT_MATURE,Routledge,2006-06-07,184.0
Southern Writers,"['Joseph M. Flora', 'Amber Vogel']",en,['Reference'],NOT_MATURE,LSU Press,2006-06-21,504.0
Python in a Nutshell,['Alex Martelli'],en,['Computers'],NOT_MATURE,"""O'Reilly Media, Inc.""",2006-07-14,738.0
Building a Dune Buggy - The Essential Manual,['Paul Shakespeare'],en,['Transportation'],NOT_MATURE,Veloce Publishing Ltd,2006-07-15,144.0
رواية : البحث عن الجذور,['مؤمنة أبو صالح'],ar,['Fiction'],NOT_MATURE,العبيكان للنشر,2006-10-17,126.0
Science-fiction & Fantasy Cinema,['John Howard Reid'],en,['Performing Arts'],NOT_MATURE,Lulu.com,2007-01-01,320.0
Made to Stick,"['Chip Heath', 'Dan Heath']",en,['Business & Economics'],NOT_MATURE,Random House,2007-01-02,336.0
How to Do Everything with Windows Vista,['Curt Simmons'],en,['Computers'],NOT_MATURE,McGraw Hill Professional,2007-01-08,384.0
Stevie Wonder's Songs in the Key of Life,['Zeth Lundy'],en,['Music'],NOT_MATURE,Bloomsbury Publishing USA,2007-01-15,160.0
Downstage Dead,['Bruce Barber'],en,['Actors'],NOT_MATURE,Pasdeloup Press,2007-02-01,203.0
Capitol Threat,['William Bernhardt'],en,['Fiction'],NOT_MATURE,Ballantine Books,2007-02-27,400.0
X Internet,['Jessica Keyes'],en,['Computers'],NOT_MATURE,CRC Press,2007-03-02,416.0
Bluescreen Compositing,['John Jackman'],en,['Performing Arts'],NOT_MATURE,Taylor & Francis,2007-04-17,248.0
Blasphemy,['Alan Dershowitz'],en,['Political Science'],NOT_MATURE,John Wiley & Sons,2007-06-04,195.0
Alan Simpson's Windows Vista Bible,"['Alan Simpson', 'Bradley L. Jones']",en,['Computers'],NOT_MATURE,John Wiley & Sons,2007-07-10,860.0
L.A. Rex,['Will Beall'],en,['Fiction'],NOT_MATURE,Penguin,2007-09-04,400.0
Knowledge-Based Intelligent Information and Engineering Systems,['Bruno Apolloni'],en,['Computers'],NOT_MATURE,Springer,2007-09-12,882.0
International Monetary Fund Annual Report 2007,['International Monetary Fund'],en,['Business & Economics'],NOT_MATURE,International Monetary Fund,2007-10-10,54.0
Child Psychopathology,['Jeffrey Haugaard'],en,['Psychology'],NOT_MATURE,McGraw-Hill Humanities/Social Sciences/Languages,2007-10-12,792.0
Network-Aware Security for Group Communications,"['Yan Sun', 'Wade Trappe', 'K. J. Ray Liu']",en,['Technology & Engineering'],NOT_MATURE,Springer Science & Business Media,2007-10-17,304.0
Mastering Arabic 1,"['Jane Wightwick', 'Mahmoud Gaafar']",en,['Foreign Language Study'],NOT_MATURE,Macmillan International Higher Education,2007-10-19,384.0
Arranging Grief,['Dana Luciano'],en,['Literary Criticism'],NOT_MATURE,NYU Press,2007-11-01,345.0
Religious Commodifications in Asia,['Pattana Kitiarsa'],en,['Religion'],NOT_MATURE,Routledge,2007-11-09,288.0
"Global Children, Global Media","['D. Buckingham', 'Liesbeth de Block']",en,['Social Science'],NOT_MATURE,Springer,2007-11-12,222.0
Contracts,['Aspen Publishers'],en,['Law'],NOT_MATURE,Aspen Publishers Online,2007-12-17,275.0
خمسة عقول لأجل المستقبل,['Howard Gardner'],ar,['Philosophy'],NOT_MATURE,العبيكان للنشر,2008-01-01,257.0
Programming Amazon Web Services,['James Murty'],en,['Computers'],NOT_MATURE,"""O'Reilly Media, Inc.""",2008-03-25,604.0
Readings in philosophy of religion,['Andrew Eshleman'],en,['Philosophy'],NOT_MATURE,Wiley-Blackwell,2008-05-02,512.0
The Art and Science of Digital Compositing,['Ron Brinkmann'],en,['Computers'],NOT_MATURE,Morgan Kaufmann,2008-05-24,704.0
Cryptographic Hardware and Embedded Systems – CHES 2008,['Elisabeth Oswald'],en,['Computers'],NOT_MATURE,Springer Science & Business Media,2008-07-18,442.0
The USA TODAY College Football Encyclopedia 2008-2009,"['Bob Boyles', 'Paul Guido']",en,['Biography & Autobiography'],NOT_MATURE,Skyhorse Publishing Inc.,2008-08-04,1335.0
iPhone: The Missing Manual,['David Pogue'],en,['Computers'],NOT_MATURE,"""O'Reilly Media, Inc.""",2008-08-05,376.0
Human Development in the Indian Context,['Margaret Khalakdina'],en,['Business & Economics'],NOT_MATURE,SAGE Publications India,2008-10-01,392.0
Concurrent Programming on Windows,['Joe Duffy'],en,['Computers'],NOT_MATURE,Pearson Education,2008-10-28,1008.0
IPhone Fully Loaded,['Andy Ihnatko'],en,['Computers'],NOT_MATURE,John Wiley & Sons,2008-12-03,272.0
Sammy Keyes and the Search for Snake Eyes,['Wendelin Van Draanen'],en,['Juvenile Fiction'],NOT_MATURE,Yearling,2008-12-24,320.0
Sammy Keyes and the Psycho Kitty Queen,['Wendelin Van Draanen'],en,['Juvenile Fiction'],NOT_MATURE,Yearling,2008-12-24,320.0
Sammy Keyes and the Dead Giveaway,['Wendelin Van Draanen'],en,['Juvenile Fiction'],NOT_MATURE,Yearling,2008-12-24,304.0
Sammy Keyes and the Sisters of Mercy,['Wendelin Van Draanen'],en,['Juvenile Fiction'],NOT_MATURE,Yearling,2008-12-24,240.0
Sammy Keyes and the Hollywood Mummy,['Wendelin Van Draanen'],en,['Juvenile Fiction'],NOT_MATURE,Yearling,2009-01-16,288.0
Sammy Keyes and the Art of Deception,['Wendelin Van Draanen'],en,['Juvenile Fiction'],NOT_MATURE,Yearling,2009-01-16,304.0
Literary Readings of Billy Wilder,['Georges-Claude Guilbert'],en,['Performing Arts'],NOT_MATURE,Cambridge Scholars Publishing,2009-03-26,215.0
Advances in Information Security and Assurance,"['James (Jong Hyuk) Park', 'Hsiao-Hwa Chen', 'Mohammed Atiquzzaman', 'Changhoon Lee', 'Sang-Soo Yeo']",en,['Computers'],NOT_MATURE,Springer,2009-06-18,841.0
Python Essential Reference,['David Beazley'],en,['Computers'],NOT_MATURE,Addison-Wesley Professional,2009-06-29,744.0
America in Black and White,"['Stephan Thernstrom', 'Abigail Thernstrom']",en,['Social Science'],NOT_MATURE,Simon and Schuster,2009-07-14,704.0
Therapist's Guide to Positive Psychological Interventions,['Jeana L. Magyar-Moe'],en,['Psychology'],NOT_MATURE,Academic Press,2009-07-30,200.0
Going Global: An Information Sourcebook for Small and Medium-sized Businesses,['Susan C. Awe'],en,['Language Arts & Disciplines'],NOT_MATURE,Libraries Unlimited,2009-08-25,265.0
Advances in Chemical Physics,"['Ilya Prigogine', 'Stuart A. Rice']",en,['Science'],NOT_MATURE,John Wiley & Sons,2009-09-08,586.0
Cracks in My Foundation,['Marian Keyes'],en,['Fiction'],NOT_MATURE,Harper Collins,2009-10-13,368.0
الصين شركة عملاقة,['Ted Fishman'],ar,['History'],NOT_MATURE,العبيكان للنشر,2009-10-14,384.0
The Infernal City: An Elder Scrolls Novel,['Greg Keyes'],en,['Fiction'],NOT_MATURE,Del Rey,2009-11-24,304.0
Growing Through Life's Challenges,"['James Reapsome', 'Martha Reapsome']",en,['Religion'],NOT_MATURE,Shaw Books,2009-12-16,112.0
Adult Development and Aging,"['John C. Cavanaugh', 'Fredda Blanchard-Fields']",en,['Psychology'],NOT_MATURE,Cengage Learning,2010-01-01,625.0
Stand By Me,"[""Sheila O'Flanagan""]",en,['Fiction'],NOT_MATURE,Hachette UK,2010-02-09,496.0
"Family Law, Keyed to Weisberg and Appleton's","['Casenotes', 'Casenote Legal Briefs']",en,['Law'],NOT_MATURE,Aspen Publishers Online,2010-03-03,204.0
Manga,['Toni Johnson-Woods'],en,['Literary Criticism'],NOT_MATURE,Bloomsbury Publishing USA,2010-04-15,368.0
Adobe Premiere Pro CS4 Classroom in a Book,['Adobe Creative Team'],en,['Computers'],NOT_MATURE,Peachpit Press,2010-04-26,416.0
iPhone Advanced Projects,"['David Mark', 'Dylan Bruzenak', 'Joachim Bondo', 'Owen Goss', 'Peter Honeder', 'Ray Kiddy', 'Steve Finkelstein', 'Tom Harrington', 'Jonathan Saggau', 'Noel Llopis', 'Ben Smith', 'Joe Pezzillo', 'Florian Pflug', 'Roderick Smith']",en,['Computers'],NOT_MATURE,Apress,2010-04-30,392.0
"Casenote Legal Briefs for Civil Procedure Keyed to Hazard, Tait, Fletcher and Bundy",['Casenote Legal Briefs'],en,['Law'],NOT_MATURE,Wolters Kluwer Law & Business,2010-05-03,144.0
Happiness Key,['Emilie Richards'],en,['Fiction'],NOT_MATURE,MIRA,2010-06-01,400.0
Three Prescriptions for Happiness,"['Ken Keyes, Jr.']",en,['Self-Help'],NOT_MATURE,Axios Press,2010-07-01,126.0
Queer Ecologies,"['Catriona Mortimer-Sandilands', 'Bruce Erickson']",en,['Philosophy'],MATURE,Indiana University Press,2010-07-14,424.0
Smart Phone and Next Generation Mobile Computing,"['Pei Zheng', 'Lionel Ni']",en,['Computers'],NOT_MATURE,Elsevier,2010-07-19,350.0
Implementing the Project Management Balanced Scorecard,['Jessica Keyes'],en,['Business & Economics'],NOT_MATURE,CRC Press,2010-07-20,447.0
"Food in the Movies, 2d ed.",['Steve Zimmerman'],en,['Performing Arts'],NOT_MATURE,McFarland,2010-07-28,483.0
"Five Miles Away, A World Apart",['James E. Ryan'],en,['Education'],NOT_MATURE,Oxford University Press,2010-08-06,400.0
The Reporter’s Notebook,['Dennis Bloodworth'],en,['Travel'],NOT_MATURE,Marshall Cavendish International Asia Pte Ltd,2010-09-02,483.0
Sammy Keyes and the Wedding Crasher,['Wendelin Van Draanen'],en,['Juvenile Fiction'],NOT_MATURE,Knopf Books for Young Readers,2010-10-12,304.0
Bullying in North American Schools,"['Dorothy L. Espelage', 'Susan M. Swearer']",en,['Education'],NOT_MATURE,Routledge,2010-10-18,336.0
The Color Correction Handbook,['Alexis Van Hurkman'],en,['Computers'],NOT_MATURE,Pearson Education,2010-11-15,544.0
All for the Union,['Elisha Hunt Rhodes'],en,['History'],NOT_MATURE,Vintage,2010-11-17,272.0
Euphemania,['Ralph Keyes'],en,['Language Arts & Disciplines'],MATURE,Hachette UK,2010-12-14,288.0
"The Handbook of Life-Span Development, Volume 1","['Richard M. Lerner', 'Willis F. Overton']",en,['Psychology'],NOT_MATURE,John Wiley & Sons,2010-12-14,1040.0
Programming Python,['Mark Lutz'],en,['Computers'],NOT_MATURE,"""O'Reilly Media, Inc.""",2010-12-14,1632.0
Adobe ColdFusion Anthology,"['Michael Dinowitz', 'Judith Dinowitz']",en,['Computers'],NOT_MATURE,Apress,2010-12-28,528.0
Beginning Blender,['Lance Flavell'],en,['Computers'],NOT_MATURE,Apress,2010-12-30,448.0
Analyzing the Hospital Life Safety Survey,['Brad Keyes'],en,['Medical'],NOT_MATURE,"HC Pro, Inc.",2011-01-01,201.0
قواعد اللغة الإنكليزية,['محمد أحمد'],ar,['Foreign Language Study'],NOT_MATURE,Al Manhal,2011-01-01,400.0
"Casenote Legal Briefs for Sports Law, Keyed to Weiler, Roberts, Abrams, and Ross",['Casenote Legal Briefs'],en,['Law'],NOT_MATURE,Wolters Kluwer Law & Business,2011-02-28,180.0
Meditation For Dummies,['Stephan Bodian'],en,"['Body, Mind & Spirit']",NOT_MATURE,John Wiley & Sons,2011-03-03,384.0
"Casenote Legal Briefs for Business Organizations, Keyed to Smiddy and Cunningham",['Casenote Legal Briefs'],en,['Law'],NOT_MATURE,Wolters Kluwer Law & Business,2011-03-15,252.0
How to Do Everything Samsung Galaxy Tab,['Guy Hart-Davis'],en,['Computers'],NOT_MATURE,McGraw Hill Professional,2011-03-28,336.0
A Divided World,['Nick Smedley'],en,['Performing Arts'],NOT_MATURE,Intellect Books,2011-04-27,282.0
Ideas que pegan,"['Chip Heath', 'Dan Heath']",en,['Business & Economics'],NOT_MATURE,LID Editorial,2011-05-01,260.0
Halo: The Cole Protocol,"['Eric Nylund', 'Tobias S. Buckell']",en,['Fiction'],NOT_MATURE,Pan Macmillan,2011-05-13,352.0
Manga for the Beginner Shoujo,['Christopher Hart'],en,['Art'],NOT_MATURE,Watson-Guptill,2011-07-05,192.0
"Advances in Computing and Communications, Part IV","['Ajith Abraham', 'Jaime Lloret Mauri', 'John Buford', 'Junichi Suzuki', 'Sabu M. Thampi']",en,['Computers'],NOT_MATURE,Springer,2011-07-06,624.0
Foundations of Professional Psychology,['Timothy P Melchert'],en,['Psychology'],NOT_MATURE,Elsevier,2011-07-12,262.0
Man of the Mist,['Elizabeth Mayne'],en,['Fiction'],NOT_MATURE,Harlequin,2011-07-15,304.0
Programming Android,"['Zigurd Mednieks', 'Laird Dornin', 'G. Blake Meike', 'Masumi Nakamura']",en,['Computers'],NOT_MATURE,"""O'Reilly Media, Inc.""",2011-07-29,504.0
Advances in Imaging and Electron Physics,['Peter W. Hawkes'],en,['Technology & Engineering'],NOT_MATURE,Elsevier,2011-07-29,352.0
"Soulsville, U.S.A.: The Story of Stax Records",['Rob Bowman'],en,['Music'],NOT_MATURE,Omnibus Press,2011-08-01,416.0
Beginning iPhone 4 Development,"['David Mark', 'Jeff LaMarche', 'Jack Nutting']",en,['Computers'],NOT_MATURE,Apress,2011-08-05,676.0
"Retail Crime, Security, and Loss Prevention","['Charles A. Sennewald', 'John H. Christman']",en,['Social Science'],NOT_MATURE,Elsevier,2011-08-29,704.0
Criminology Goes to the Movies,"['Nicole Rafter', 'Michelle Brown']",en,['Law'],NOT_MATURE,NYU Press,2011-09-01,236.0
"Casenote Legal Briefs for Contracts, Keyed to Calamari, Periilo, Bender, and Brown",['Casenote Legal Briefs'],en,['Law'],NOT_MATURE,Wolters Kluwer Law & Business,2011-10-11,144.0
Sammy Keyes and the Night of Skulls,['Wendelin Van Draanen'],en,['Juvenile Fiction'],NOT_MATURE,Knopf Books for Young Readers,2011-10-11,320.0
"Understanding the Interactive Digital Media Marketplace: Frameworks, Platforms, Communities and Issues","['Sharma, Ravi S.']",en,['Computers'],NOT_MATURE,IGI Global,2011-10-31,427.0
Engineering Information Security,['Stuart Jacobs'],en,['Technology & Engineering'],NOT_MATURE,John Wiley & Sons,2011-10-31,728.0
Beyond Our Means,['Sheldon Garon'],en,['History'],NOT_MATURE,Princeton University Press,2011-10-31,488.0
"The Healthy PC: Preventive Care, Home Remedies, and Green Computing, 2nd Edition",['Guy Hart-Davis'],en,['Computers'],NOT_MATURE,McGraw Hill Professional,2011-11-03,304.0
Handbook of Social Indicators and Quality of Life Research,"['Kenneth C. Land', 'Alex C. Michalos', 'M. Joseph Sirgy']",en,['Social Science'],NOT_MATURE,Springer Science & Business Media,2011-11-25,593.0
Get Rommel,['Michael Asher'],en,['History'],NOT_MATURE,Hachette UK,2011-12-01,320.0
Whose God Rules?,"['N. Walker', 'E. Greenlee']",en,['Social Science'],NOT_MATURE,Springer,2011-12-14,263.0
Three Classic Thrillers 3-Book Bundle,['John Grisham'],en,['Fiction'],NOT_MATURE,Dell,2011-12-19,1744.0
دراسات سيكلوجية,['سلامة موسى/-/-'],ar,['Literary Collections'],NOT_MATURE,ktab INC.,2012-01-01,101.0
An Unpredictable Gospel,['Jay Riley Case'],en,['Religion'],NOT_MATURE,Oxford University Press,2012-01-02,328.0
Tales From Boilermaker Country: A Collection of the Greatest Stories Ever Told,['Doug Griffiths'],en,['Music'],NOT_MATURE,Simon and Schuster,2012-01-31,999.0
School as Community,['Gail Furman'],en,['Education'],NOT_MATURE,SUNY Press,2012-02-01,315.0
Principles and Practice of Grief Counseling,"['Howard R. Winokuer, PhD', 'Darcy L. Harris, PhD, FT']",en,['Social Science'],NOT_MATURE,Springer Publishing Company,2012-02-14,256.0
The Mammoth Encyclopedia of Science Fiction,['George Mann'],en,['Fiction'],NOT_MATURE,Hachette UK,2012-03-01,160.0
What Do We Tell the Children? Critical Essays on Children’s Literature,"['Ciara Ní Bhroin', 'Patricia Kennon']",en,['Literary Criticism'],NOT_MATURE,Cambridge Scholars Publishing,2012-03-15,220.0
Human Biology,"['Sara Stinson', 'Barry Bogin', ""Dennis H. O'Rourke""]",en,['Social Science'],NOT_MATURE,John Wiley & Sons,2012-03-19,780.0
Modern Concepts of Security,['James Ohwofasa Akpeninor'],en,['Philosophy'],NOT_MATURE,AuthorHouse,2012-06-01,344.0
How to Build an Android,['David F. Dufty'],en,['Technology & Engineering'],NOT_MATURE,Henry Holt and Company,2012-06-05,288.0
"Casenote Legal Briefs for Contracts, Keyed to Crandall and Whaley",['Casenote Legal Briefs'],en,['Law'],NOT_MATURE,Wolters Kluwer Law & Business,2012-06-05,160.0
Sammy Keyes and the Power of Justice Jack,['Wendelin Van Draanen'],en,['Juvenile Fiction'],NOT_MATURE,Knopf Books for Young Readers,2012-07-10,304.0
Information Security and Cryptology - ICISC 2011,['Howon Kim'],en,['Computers'],NOT_MATURE,Springer,2012-07-16,512.0
"World War II: the Encyclopedia of the War Years, 1941-1945","['Norman Polmar', 'Thomas B. Allen']",en,['History'],NOT_MATURE,Courier Corporation,2012-08-15,940.0
Quantum Roots,['Kyle Keyes'],en,['Fiction'],NOT_MATURE,Createspace Independent Pub,2012-08-16,262.0
Delirium,['Nancy L. Cohen'],en,['Political Science'],NOT_MATURE,Catapult,2012-09-01,415.0
Complex Justice,['Joshua M. Dunn'],en,['Political Science'],NOT_MATURE,UNC Press Books,2012-09-01,240.0
القسم الجامعي المنتج للبحوث,"['كارول ج. بلاند', 'آن ماري ويبرمين', 'شارون ماري لوند ', 'ديبورا أ.فنستاد ']",ar,['Education'],NOT_MATURE,العبيكان للنشر,2012-09-03,382.0
Atheism And The Case Against Christ,['Matthew S. Mccormick'],en,['Religion'],NOT_MATURE,Prometheus Books,2012-09-25,332.0
A Question of Identity,['Susan Hill'],en,['Fiction'],NOT_MATURE,Random House,2012-10-25,368.0
Basic TV Technology,['Robert L Hartwig'],en,['Performing Arts'],NOT_MATURE,CRC Press,2012-11-12,208.0
"Organic Chemistry, Volume One",['Frank C. Whitmore'],en,['Science'],NOT_MATURE,Courier Corporation,2012-11-13,608.0
The Science of the Soul in Colonial New England,['Sarah Rivett'],en,['History'],NOT_MATURE,UNC Press Books,2012-12-01,384.0
No Oath Sworn,['Phil Geusz'],en,['Fiction'],NOT_MATURE,Lulu.com,2012-12-01,226.0
The Nature of Symbiotic Stars,"['M. Friedjung', 'Roberto Viotti']",en,['Science'],NOT_MATURE,Springer Science & Business Media,2012-12-06,329.0
Apple TV Portable Genius,['Guy Hart-Davis'],en,['Computers'],NOT_MATURE,John Wiley & Sons,2012-12-17,288.0
Costume Design in the Movies,['Elizabeth Leese'],en,['Antiques & Collectibles'],NOT_MATURE,Courier Corporation,2012-12-19,176.0
Quantum Mechanics with Applications to Nanotechnology and Information Science,"['Yehuda B. Band', 'Yshai Avishai']",en,['Science'],NOT_MATURE,Academic Press,2013-01-10,992.0
Arid Land Geom: Geom Crit Conc,['David Evans'],en,['Reference'],NOT_MATURE,Routledge,2013-02-01,544.0
Beauty and Sadness,['Yasunari Kawabata'],en,['Fiction'],NOT_MATURE,Vintage,2013-02-20,224.0
The Oxford Handbook of Research Strategies for Clinical Psychology,"['Jonathan S. Comer', 'Philip C. Kendall']",en,['Psychology'],NOT_MATURE,Oxford University Press,2013-03-26,476.0
Saved by Cake,['Marian Keyes'],en,['Cooking'],NOT_MATURE,Penguin,2013-04-02,240.0
The Mystery of Mercy Close,['Marian Keyes'],en,['Fiction'],NOT_MATURE,Penguin,2013-04-09,400.0
"Reproductive Genetics, Gender and the Body",['Elizabeth Ettorre'],en,['Medical'],NOT_MATURE,Routledge,2013-04-15,168.0
Adobe Kroger,['Dan Sacharow'],en,['Fiction'],NOT_MATURE,iUniverse,2013-05-23,396.0
Teach Yourself VISUALLY Android Phones and Tablets,"['Paul McFedries', 'Guy Hart-Davis']",en,['Computers'],NOT_MATURE,John Wiley & Sons,2013-06-17,320.0
Biology of the Uterus,"['W. Jollie', 'R.M. Wynn']",en,['Medical'],NOT_MATURE,Springer Science & Business Media,2013-06-29,644.0
Parasitic Orobanchaceae,"['Daniel M. Joel', 'Jonathan Gressel', 'Lytton J. Musselman']",en,['Science'],NOT_MATURE,Springer Science & Business Media,2013-07-01,513.0
My Samsung Galaxy S 4,['Steve Schwartz'],en,['Computers'],NOT_MATURE,Que Publishing,2013-08-07,544.0
Anthropological Practice,['Judith Okely'],en,['Social Science'],NOT_MATURE,Berg,2013-09-12,224.0
The History of the Renaissance World: From the Rediscovery of Aristotle to the Conquest of Constantinople,['Susan Wise Bauer'],en,['History'],NOT_MATURE,W. W. Norton & Company,2013-09-23,768.0
The Liberation Trilogy Box Set,['Rick Atkinson'],en,['History'],NOT_MATURE,Henry Holt and Company,2013-10-22,2416.0
Synergic Integration of Formal and Informal E-Learning Environments for Adult Lifelong Learners,"['Leone, Sabrina']",en,['Education'],NOT_MATURE,IGI Global,2013-10-31,337.0
Light Absorption of Organic Colorants,"['J. Fabian', 'H. Hartmann']",en,['Science'],NOT_MATURE,Springer Science & Business Media,2013-11-11,248.0
A Life of Barbara Stanwyck,['Victoria Wilson'],en,['Biography & Autobiography'],NOT_MATURE,Simon and Schuster,2013-11-12,1056.0
"Casenote Legal Briefs for Taxation, Keyed to Freeland, Lathrope, and Stephens",['Casenote Legal Briefs'],en,['Law'],NOT_MATURE,Wolters Kluwer Law & Business,2013-11-15,156.0
"Finance and Development, December 2013",['International Monetary Fund. External Relations Dept.'],en,['Business & Economics'],NOT_MATURE,International Monetary Fund,2014-01-03,60.0
"Billy Wilder, Movie-Maker",['Karen McNally'],en,['Performing Arts'],NOT_MATURE,McFarland,2014-01-10,254.0
Encyclopedia of Genetics,['Eric C.R. Reeve'],en,['Reference'],NOT_MATURE,Routledge,2014-01-14,972.0
The Jamestown Furniture Industry,['Clarence Carlson'],en,['History'],NOT_MATURE,Arcadia Publishing,2014-01-28,192.0
Prophets of Agroforestry,['Richard K. Reed'],en,['History'],NOT_MATURE,University of Texas Press,2014-02-19,271.0
Kill Rommel!,['Gavin Mortimer'],en,['History'],NOT_MATURE,Bloomsbury Publishing,2014-02-20,80.0
Imperfect Chemistry,['Mary Frame'],en,['Fiction'],NOT_MATURE,Mary Frame,2014-04-23,198.0
Selected Areas in Cryptography -- SAC 2013,"['Tanja Lange', 'Kristin Lauter', 'Petr Lisoněk']",en,['Computers'],NOT_MATURE,Springer,2014-05-20,590.0
From the Dreadnought to Scapa Flow,['Arthur J Marder'],en,['History'],NOT_MATURE,Seaforth Publishing,2014-06-13,425.0
Epidemiology Matters,"['Katherine M. Keyes', 'Sandro Galea']",en,['Medical'],NOT_MATURE,Oxford University Press,2014-06-17,304.0
Human Motivation and Interpersonal Relationships,['Netta Weinstein'],en,['Psychology'],NOT_MATURE,Springer Science & Business Media,2014-07-08,360.0
Sexual Symmetry,['David Konstan'],en,['History'],NOT_MATURE,Princeton University Press,2014-07-14,286.0
The New Orleans of Fiction,['James A. Kaser'],en,['Literary Criticism'],NOT_MATURE,Scarecrow Press,2014-07-29,426.0
My Samsung Galaxy S5,['Steve Schwartz'],en,['Computers'],NOT_MATURE,Que Publishing,2014-08-12,656.0
The CIO's Guide to Oracle Products and Solutions,['Jessica Keyes'],en,['Business & Economics'],NOT_MATURE,CRC Press,2014-09-02,288.0
Sammy Keyes and the Kiss Goodbye,['Wendelin Van Draanen'],en,['Juvenile Fiction'],NOT_MATURE,Knopf Books for Young Readers,2014-09-09,240.0
١٠١ طريقة بسيطة لتكون ناجحًا مع نفسك,['Donna Watson'],ar,['Self-Help'],NOT_MATURE,العبيكان للنشر,2014-09-15,136.0
My Samsung Galaxy Tab 4,"['Eric Butow', 'Lonzell Watson']",en,['Computers'],NOT_MATURE,Que Publishing,2014-10-01,496.0
The PC and Gadget Help Desk,['Mark Edward Soper'],en,['Computers'],NOT_MATURE,Que Publishing,2014-10-04,696.0
Chameleon Christianity,['Dick Keyes'],en,['Religion'],NOT_MATURE,Destinee S.A.,2014-11-01,98.0
The Woman Who Stole My Life,['Marian Keyes'],en,['Fiction'],NOT_MATURE,Penguin UK,2014-11-06,560.0
Cardiovascular Genetics and Genomics in Clinical Practice,"['Donna K. Arnett, PhD', 'Sanjiv J. Shah, MD']",en,['Medical'],NOT_MATURE,Demos Medical Publishing,2014-11-10,246.0
Milton and This Pendant World,['George W. Whiting'],en,['Literary Criticism'],NOT_MATURE,University of Texas Press,2014-11-11,282.0
Cyber Ireland,['C. Lynch'],en,['Social Science'],NOT_MATURE,Springer,2014-11-13,178.0
Beginning iPhone Development,"['Jack Nutting', 'Fredrik Olsson', 'David Mark', 'Jeff LaMarche', 'Kim Topley']",en,['Computers'],NOT_MATURE,Apress,2014-11-17,771.0
Beginning iPhone Development with Swift,"['Kim Topley', 'Fredrik Olsson', 'Jack Nutting', 'David Mark', 'Jeff LaMarche']",en,['Computers'],NOT_MATURE,Apress,2014-11-22,828.0
Love Inspired Suspense December 2014 - Box Set 1 of 2,"['Shirlee McCoy', 'Sharon Dunn', 'Alison Stone']",en,['Fiction'],NOT_MATURE,Harlequin,2014-12-01,224.0
Cold Case Justice,['Sharon Dunn'],en,['Fiction'],NOT_MATURE,Harlequin,2014-12-02,224.0
Adobe After Effects CC Classroom in a Book (2014 release),"['Andrew Faulkner', 'Brie Gyncild']",en,['Computers'],NOT_MATURE,Adobe Press,2014-12-12,408.0
Android Tips and Tricks,['Guy Hart-Davis'],en,['Computers'],NOT_MATURE,Que Publishing,2014-12-15,544.0
الحب والجمال عند العرب,['أحمد تيمور باشا'],ar,['Literary Criticism'],NOT_MATURE,Al Manhal,2015-01-01,203.0
مصادر تطوير تعليم الرياضيات,['ميرفت محمود محمد'],ar,['Education'],NOT_MATURE,Al Manhal,2015-01-01,231.0
Effective Python,['Brett Slatkin'],en,['Computers'],NOT_MATURE,Addison-Wesley Professional,2015-02-12,256.0
Python Programming for Arduino,['Pratik Desai'],en,['Computers'],NOT_MATURE,Packt Publishing Ltd,2015-02-27,400.0
A Study Guide for Daniel Keyes's Flowers for Algernon,"['Gale, Cengage Learning']",en,['Literary Criticism'],NOT_MATURE,"Gale, Cengage Learning ",2015-03-13,15.0
African Americans in Sports,['David K. Wiggins'],en,['History'],NOT_MATURE,Routledge,2015-03-26,488.0
كيف أصبحوا عظماء,['سعد سعود الكريباني'],ar,['Self-Help'],NOT_MATURE,العبيكان للنشر,2015-05-03,212.0
Thailand's International Meditation Centers,['Brooke Schedneck'],en,['Social Science'],NOT_MATURE,Routledge,2015-05-15,198.0
Genetics of Psychological Well-Being,['Michael Pluess'],en,['Psychology'],NOT_MATURE,OUP Oxford,2015-06-18,296.0
"Billy Wilder, American Film Realist",['Richard Armstrong'],en,['Performing Arts'],NOT_MATURE,McFarland,2015-09-01,172.0
Raspberry Pi Android Projects,['Gokhan Kurt'],en,['Computers'],NOT_MATURE,Packt Publishing Ltd,2015-09-25,138.0
Role Development in Professional Nursing Practice,['Kathleen Masters'],en,['Medical'],NOT_MATURE,Jones & Bartlett Publishers,2015-11-18,450.0
Devonshire Scream,['Laura Childs'],en,['Fiction'],NOT_MATURE,Penguin,2016-03-01,320.0
The E-Myth Revisited (Limadha tafshal mu’dham al-sharikat al-saghira?),['Michael E. Gerber'],en,['Business & Economics'],NOT_MATURE,Bloomsbury Qatar Foundation Publishing,2016-04-07,268.0
Enterprise 2.0,['Jessica Keyes'],en,['Business & Economics'],NOT_MATURE,CRC Press,2016-04-19,425.0
Asset Protection through Security Awareness,['Tyler Justin Speed'],en,['Business & Economics'],NOT_MATURE,CRC Press,2016-04-19,337.0
Bring Your Own Devices (BYOD) Survival Guide,['Jessica Keyes'],en,['Business & Economics'],NOT_MATURE,CRC Press,2016-04-19,451.0
Implementing the IT Balanced Scorecard,['Jessica Keyes'],en,['Computers'],NOT_MATURE,CRC Press,2016-04-19,528.0
Social Software Engineering,['Jessica Keyes'],en,['Computers'],NOT_MATURE,CRC Press,2016-04-19,481.0
The Complete Guide to Physical Security,"['Paul R. Baker', 'Daniel J. Benny']",en,['Business & Economics'],NOT_MATURE,CRC Press,2016-04-19,360.0
Handbook of Research Methods and Applications in Happiness and Quality of Life,"['Luigino Bruni', 'Pier Luigi Porta']",en,['Business & Economics'],NOT_MATURE,Edward Elgar Publishing,2016-04-29,552.0
The Official (ISC)2 Guide to the SSCP CBK,"['Adam Gordon', 'Steven Hernandez']",en,['Computers'],NOT_MATURE,John Wiley & Sons,2016-05-16,928.0
Independence Day: Crucible,['Greg Keyes'],en,['Fiction'],NOT_MATURE,Titan Books,2016-05-27,384.0
The Corporate Directory of US Public Companies 1995,['Elizabeth Walsh'],en,['Business & Economics'],NOT_MATURE,Springer,2016-06-11,2664.0
"Emanuel Law Outlines for Civil Procedure, Keyed to Yeazell",['John T. Cross'],en,['Law'],NOT_MATURE,Wolters Kluwer Law & Business,2016-06-13,400.0
"Casenote Legal Briefs for Torts, Keyed to Goldberg Sebok and Ziprusky",['Casenote Legal Briefs'],en,['Law'],NOT_MATURE,Wolters Kluwer Law & Business,2016-07-20,189.0
"Nimble, Focused, Feisty",['Sara Roberts'],en,['Business & Economics'],NOT_MATURE,BenBella Books,2016-08-16,336.0
"Casenote Legal Briefs for Civil Procedure Keyed to Subrin, Minow, Brodin, Main, and Lahav",['Casenote Legal Briefs'],en,['Law'],NOT_MATURE,Wolters Kluwer Law & Business,2016-08-31,170.0
Religion and Orientalism in Asian Studies,['Kiri Paramore'],en,['Religion'],NOT_MATURE,Bloomsbury Publishing,2016-10-06,232.0
Politics in Pacific Asia,"['X. Huang', 'Jason Young']",en,['Political Science'],NOT_MATURE,Palgrave,2016-11-04,328.0
Beginning iPhone Development with Swift 3,"['Molly Maskrey', 'Kim Topley', 'David Mark', 'Fredrik Olsson', 'JEFF LAMARCHE']",en,['Computers'],NOT_MATURE,Apress,2016-11-17,774.0
قوة التحكم في الذات,"['د. إبراهيم الفقي', 'ابراهيم الفقى']",ar,['Self-Help'],NOT_MATURE,Sama For Publishing & Distributiom,2017-01-01,128.0
فن وأسرار اتخاذ القرار,['د. إبراهيم الفقي'],ar,['Self-Help'],NOT_MATURE,Sama For Publishing & Distributiom,2017-01-01,88.0
موسوعة تاريخ الأديان,['فراس السواح'],ar,['Religion'],NOT_MATURE,Al Manhal,2017-01-01,330.0
The Gamification of Work,['Emmanuelle Savignac'],en,['Business & Economics'],NOT_MATURE,John Wiley & Sons,2017-02-21,198.0
"Huffed Masculinity. The Female Threat in Cain's ""Double Indemnity""",['Stephan Riedl'],en,['Literary Criticism'],NOT_MATURE,GRIN Verlag,2017-05-23,17.0
Casenote Legal Briefs for Criminal Procedure Keyed to Dressler and Thomas,['Casenote Legal Briefs'],en,['Law'],NOT_MATURE,Wolters Kluwer Law & Business,2017-06-05,228.0
Small Treasons,['Mark Powell'],en,['Fiction'],NOT_MATURE,Simon and Schuster,2017-06-06,384.0
A Handbook for the Study of Mental Health,"['Teresa L. Scheid', 'Eric R. Wright']",en,['Medical'],NOT_MATURE,Cambridge University Press,2017-06-08,736.0
"Transforming Engagement, Happiness and Well-Being","['William Scott-Jackson', 'Andrew Mayo']",en,['Business & Economics'],NOT_MATURE,Springer,2017-08-01,255.0
"Casenote Legal Briefs for Property Keyed to Dukeminier, Krier, Alexander, Schill, Strahilevitz",['Casenote Legal Briefs'],en,['Law'],NOT_MATURE,Wolters Kluwer Law & Business,2017-09-15,138.0
How to Teach Meditation to Children,"['David Fontana', 'Ingrid Slack']",en,"['Body, Mind & Spirit']",NOT_MATURE,Duncan Baird Publishers,2017-09-21,224.0
Beginning iPhone Development with Swift 4,['Molly K. Maskrey'],en,['Computers'],NOT_MATURE,Apress,2017-10-24,552.0
The Routledge Handbook of Stylistics,['Michael Burke'],en,['Language Arts & Disciplines'],NOT_MATURE,Routledge,2017-11-27,530.0
Data Science on the Google Cloud Platform,['Valliappa Lakshmanan'],en,['Computers'],NOT_MATURE,"""O'Reilly Media, Inc.""",2017-12-12,404.0
الثقة بالنفس وتطوير الذات,['أسامة شاهين'],ar,['Psychology'],NOT_MATURE,Al Manhal,2018-01-01,64.0
الطائفة، الطائفية، الطوائف المتخيلة,['عزمي بشارة'],ar,['Religion'],NOT_MATURE,المركز العربي للأبحاث ودراسة السياسات,2018-01-01,927.0
SAS Viya,"['Kevin D. Smith', 'Xiangxiang Meng']",en,['Computers'],NOT_MATURE,SAS Institute,2018-02-08,306.0
Python Web Scraping Cookbook,['Michael Heydt'],en,['Computers'],NOT_MATURE,Packt Publishing Ltd,2018-02-09,364.0
Human Rights in Thailand,['Don F. Selby'],en,['Political Science'],NOT_MATURE,University of Pennsylvania Press,2018-04-04,256.0
"Grief Counseling and Grief Therapy, Fifth Edition","['J. William Worden, PhD, ABPP']",en,['Social Science'],NOT_MATURE,Springer Publishing Company,2018-05-28,352.0
Topics in Cryptology – CT-RSA 2018,['Nigel P. Smart'],en,['Computers'],NOT_MATURE,Springer,2018-07-04,514.0
Data Science and Knowledge Engineering for Sensing Decision Support,"['Jun Liu', 'Jie Lu', 'Yang Xu', 'Luis Martinez', 'Etienne E Kerre']",en,['Computers'],NOT_MATURE,World Scientific,2018-07-26,1624.0
Invisible Master,['Leo Lyon Zagami'],en,"['Body, Mind & Spirit']",NOT_MATURE,CCC Publishing,2018-08-06,304.0
Mastering Python for Networking and Security,['José Manuel Ortega'],en,['Computers'],NOT_MATURE,Packt Publishing Ltd,2018-09-28,426.0
Advanced Practice Nursing in the Care of Older Adults,"['Laruie Kennedy-Malone', 'Lori Martin-Plank', 'Evelyn Duffy']",en,['Medical'],NOT_MATURE,F.A. Davis,2018-10-31,544.0
من جماليات التصوير في القرآن الكريم,['محمد قطب عبد العال'],ar,['RELIGION'],NOT_MATURE,وكالة الصحافة العربية,2018-12-01,135.0
اللؤلؤة,['جون شتاينبك'],ar,['Fiction'],NOT_MATURE,ktab INC.,2018-12-06,104.0
The Routledge Handbook of Positive Communication,"['José Antonio Muñiz Velázquez', 'Cristina M. Pulido']",en,['Language Arts & Disciplines'],NOT_MATURE,Routledge,2018-12-17,410.0
"Casenote Legal Briefs for Civil Procedure, Keyed to Friedenthal, Miller, Sexton, and Hershkoff",['Casenote Legal Briefs'],en,['Law'],NOT_MATURE,Aspen Publishers,2018-12-29,240.0
صغر عقلك,['معتز مشعل'],ar,"['Body, Mind & Spirit']",NOT_MATURE,Dar Dawen ,2019-01-01,246.0
"Casenote Legal Briefs for Civil Procedure, Keyed to Yeazell and Schwartz",['Casenote Legal Briefs'],en,['Law'],NOT_MATURE,Aspen Publishers,2019-02-25,168.0
دع القلق وابدأ الحياة,['ديل كارنيجي'],ar,['Psychology'],NOT_MATURE,ktab INC.,2019-03-03,315.0
The Shining Wall,['Melissa Ferguson'],en,['Fiction'],NOT_MATURE,Transit Lounge ,2019-04-01,298.0
The Complete Guide to Blender Graphics,['John M. Blain'],en,['Computers'],NOT_MATURE,CRC Press,2019-04-15,522.0
"Casenote Legal Briefs for Contracts, Keyed to Knapp, Crystal, and Prince",['Casenote Legal Briefs'],en,['Law'],NOT_MATURE,Wolters Kluwer Law & Business,2019-05-07,204.0
Python All-in-One For Dummies,"['John Shovic', 'Alan Simpson']",en,['Computers'],NOT_MATURE,John Wiley & Sons,2019-05-07,704.0
Godzilla: King of the Monsters - the Official Movie Novelisation,['Greg Keyes'],en,['Fiction'],NOT_MATURE,Titan Books,2019-05-28,325.0
War Football,['Chris Serb'],en,['Sports & Recreation'],NOT_MATURE,Rowman & Littlefield,2019-06-26,296.0
American Predator,['Maureen Callahan'],en,['True Crime'],NOT_MATURE,Penguin,2019-07-02,304.0
Yoga and Science in Pain Care,"['Neil Pearson', 'Shelly Prosko', 'Marlysa Sullivan']",en,['Health & Fitness'],NOT_MATURE,Singing Dragon,2019-08-21,312.0
"Music, Education, and Religion","['Alexis Anja Kallio', 'Philip Alperson', 'Heidi Westerlund']",en,['Music'],NOT_MATURE,Indiana University Press,2019-10-01,344.0
Race and Ethnicity in America: From Pre-contact to the Present [4 volumes],"['Russell M. Lawson', 'Benjamin A. Lawson']",en,['History'],NOT_MATURE,ABC-CLIO,2019-10-11,1360.0
Tyler Perry,['Janice D. Hamlet'],en,['Performing Arts'],NOT_MATURE,Univ. Press of Mississippi,2019-10-15,136.0
